Name,Email,Role,HOD Email Relation,Role Task,Priority Assessment Keywords
HOD Admissions,admissions.hod@vu.edu.pk,HOD,,"Handle serious or unresolved admissions issues, supervise admissions staff, review escalated admission cases, and make decisions on complex admission matters.","serious admission issue, unresolved admission issue, admission escalation, complex admission case, admission complaint"
HOD Finance,finance.hod@vu.edu.pk,HOD,,"Handle serious or unresolved finance and fee issues, supervise finance staff, review escalated financial cases, and make decisions on complex fee, scholarship, or refund matters.","serious fee issue, unresolved fee issue, finance escalation, complex financial case, fee complaint, scholarship dispute, refund dispute"
HOD Examinations,examinations.hod@vu.edu.pk,HOD,,"Handle serious or unresolved examination issues, supervise examination staff, review escalated exam cases, and make decisions on complex datesheet, result, or transcript matters.","serious exam issue, unresolved result issue, examination escalation, complex examination case, result dispute, transcript dispute"
HOD Technical Support,technical.hod@vu.edu.pk,HOD,,"Handle serious or unresolved technical support issues, supervise technical staff, review escalated system cases, and make decisions on complex LMS, login, or account-access problems.","serious technical issue, unresolved technical issue, technical escalation, complex system case, LMS outage, account access dispute"
HOD Administration,administration.hod@vu.edu.pk,HOD,,"Handle serious or unresolved administrative issues, supervise administration staff, review escalated administrative cases, and make decisions on complex HR, campus, or general administration matters.","serious administrative issue, unresolved administration issue, administrative escalation, complex HR case, campus complaint"
HOD Registrar,registrar.hod@vu.edu.pk,HOD,,"Handle serious or unresolved registrar and student-record issues, supervise registrar staff, review escalated cases, and make decisions on complex record, degree verification, or official-document matters.","serious record issue, unresolved student record issue, registrar escalation, degree dispute, document dispute, verification dispute"
HOD Computer Science,cs.hod@vu.edu.pk,HOD,,"Handle serious or unresolved Computer Science academic issues, supervise Computer Science instructors, review escalated course cases, and make decisions on complex departmental matters.","serious departmental issue, unresolved issue, escalation, complex case, complaint, dispute"
HOD Management,mgt.hod@vu.edu.pk,HOD,,"Handle serious or unresolved Management academic issues, supervise Management instructors, review escalated course cases, and make decisions on complex departmental matters.","serious departmental issue, unresolved issue, escalation, complex case, complaint, dispute"
HOD Economics,eco.hod@vu.edu.pk,HOD,,"Handle serious or unresolved Economics academic issues, supervise Economics instructors, review escalated course cases, and make decisions on complex departmental matters.","serious departmental issue, unresolved issue, escalation, complex case, complaint, dispute"
HOD Education,edu.hod@vu.edu.pk,HOD,,"Handle serious or unresolved Education academic issues, supervise Education instructors, review escalated course cases, and make decisions on complex departmental matters.","serious departmental issue, unresolved issue, escalation, complex case, complaint, dispute"
HOD English,eng.hod@vu.edu.pk,HOD,,"Handle serious or unresolved English academic issues, supervise English instructors, review escalated course cases, and make decisions on complex departmental matters.","serious departmental issue, unresolved issue, escalation, complex case, complaint, dispute"
HOD Mass Communication,masscomm.hod@vu.edu.pk,HOD,,"Handle serious or unresolved Mass Communication academic issues, supervise Mass Communication instructors, review escalated course cases, and make decisions on complex departmental matters.","serious departmental issue, unresolved issue, escalation, complex case, complaint, dispute"
HOD Islamic Studies,isl.hod@vu.edu.pk,HOD,,"Handle serious or unresolved Islamic Studies academic issues, supervise Islamic Studies instructors, review escalated course cases, and make decisions on complex departmental matters.","serious departmental issue, unresolved issue, escalation, complex case, complaint, dispute"
HOD Mathematics,mth.hod@vu.edu.pk,HOD,,"Handle serious or unresolved Mathematics academic issues, supervise Mathematics instructors, review escalated course cases, and make decisions on complex departmental matters.","serious departmental issue, unresolved issue, escalation, complex case, complaint, dispute"
HOD Pakistan Studies,pak.hod@vu.edu.pk,HOD,,"Handle serious or unresolved Pakistan Studies academic issues, supervise Pakistan Studies instructors, review escalated course cases, and make decisions on complex departmental matters.","serious departmental issue, unresolved issue, escalation, complex case, complaint, dispute"
HOD Physics,phy.hod@vu.edu.pk,HOD,,"Handle serious or unresolved Physics academic issues, supervise Physics instructors, review escalated course cases, and make decisions on complex departmental matters.","serious departmental issue, unresolved issue, escalation, complex case, complaint, dispute"
HOD Psychology,psy.hod@vu.edu.pk,HOD,,"Handle serious or unresolved Psychology academic issues, supervise Psychology instructors, review escalated course cases, and make decisions on complex departmental matters.","serious departmental issue, unresolved issue, escalation, complex case, complaint, dispute"
HOD Public Administration,pa.hod@vu.edu.pk,HOD,,"Handle serious or unresolved Public Administration academic issues, supervise Public Administration instructors, review escalated course cases, and make decisions on complex departmental matters.","serious departmental issue, unresolved issue, escalation, complex case, complaint, dispute"
HOD Sociology,soc.hod@vu.edu.pk,HOD,,"Handle serious or unresolved Sociology academic issues, supervise Sociology instructors, review escalated course cases, and make decisions on complex departmental matters.","serious departmental issue, unresolved issue, escalation, complex case, complaint, dispute"
HOD Statistics,sta.hod@vu.edu.pk,HOD,,"Handle serious or unresolved Statistics academic issues, supervise Statistics instructors, review escalated course cases, and make decisions on complex departmental matters.","serious departmental issue, unresolved issue, escalation, complex case, complaint, dispute"
HOD Urdu,urd.hod@vu.edu.pk,HOD,,"Handle serious or unresolved Urdu academic issues, supervise Urdu instructors, review escalated course cases, and make decisions on complex departmental matters.","serious departmental issue, unresolved issue, escalation, complex case, complaint, dispute"
Cs101 Instructor,cs101.instructor@vu.edu.pk,STAFF,cs.hod@vu.edu.pk,"Handle queries specifically related to CS101 (Computer Science) only, including course content, assignments, lectures, assessments, and course-specific academic issues.","CS101, CS101 issue, CS101 query, CS101 assignment, CS101 lecture, CS101 assessment, CS101 exam, CS101 marks"
Cs201 Instructor,cs201.instructor@vu.edu.pk,STAFF,cs.hod@vu.edu.pk,"Handle queries specifically related to CS201 (Computer Science) only, including course content, assignments, lectures, assessments, and course-specific academic issues.","CS201, CS201 issue, CS201 query, CS201 assignment, CS201 lecture, CS201 assessment, CS201 exam, CS201 marks"
Cs301 Instructor,cs301.instructor@vu.edu.pk,STAFF,cs.hod@vu.edu.pk,"Handle queries specifically related to CS301 (Computer Science) only, including course content, assignments, lectures, assessments, and course-specific academic issues.","CS301, CS301 issue, CS301 query, CS301 assignment, CS301 lecture, CS301 assessment, CS301 exam, CS301 marks"
Cs401 Instructor,cs401.instructor@vu.edu.pk,STAFF,cs.hod@vu.edu.pk,"Handle queries specifically related to CS401 (Computer Science) only, including course content, assignments, lectures, assessments, and course-specific academic issues.","CS401, CS401 issue, CS401 query, CS401 assignment, CS401 lecture, CS401 assessment, CS401 exam, CS401 marks"
Cs501 Instructor,cs501.instructor@vu.edu.pk,STAFF,cs.hod@vu.edu.pk,"Handle queries specifically related to CS501 (Computer Science) only, including course content, assignments, lectures, assessments, and course-specific academic issues.","CS501, CS501 issue, CS501 query, CS501 assignment, CS501 lecture, CS501 assessment, CS501 exam, CS501 marks"
Cs601 Instructor,cs601.instructor@vu.edu.pk,STAFF,cs.hod@vu.edu.pk,"Handle queries specifically related to CS601 (Computer Science) only, including course content, assignments, lectures, assessments, and course-specific academic issues.","CS601, CS601 issue, CS601 query, CS601 assignment, CS601 lecture, CS601 assessment, CS601 exam, CS601 marks"
Cs701 Instructor,cs701.instructor@vu.edu.pk,STAFF,cs.hod@vu.edu.pk,"Handle queries specifically related to CS701 (Computer Science) only, including course content, assignments, lectures, assessments, and course-specific academic issues.","CS701, CS701 issue, CS701 query, CS701 assignment, CS701 lecture, CS701 assessment, CS701 exam, CS701 marks"
Mgt101 Instructor,mgt101.instructor@vu.edu.pk,STAFF,mgt.hod@vu.edu.pk,"Handle queries specifically related to MGT101 (Management) only, including course content, assignments, lectures, assessments, and course-specific academic issues.","MGT101, MGT101 issue, MGT101 query, MGT101 assignment, MGT101 lecture, MGT101 assessment, MGT101 exam, MGT101 marks"
Mgt201 Instructor,mgt201.instructor@vu.edu.pk,STAFF,mgt.hod@vu.edu.pk,"Handle queries specifically related to MGT201 (Management) only, including course content, assignments, lectures, assessments, and course-specific academic issues.","MGT201, MGT201 issue, MGT201 query, MGT201 assignment, MGT201 lecture, MGT201 assessment, MGT201 exam, MGT201 marks"
Mgt301 Instructor,mgt301.instructor@vu.edu.pk,STAFF,mgt.hod@vu.edu.pk,"Handle queries specifically related to MGT301 (Management) only, including course content, assignments, lectures, assessments, and course-specific academic issues.","MGT301, MGT301 issue, MGT301 query, MGT301 assignment, MGT301 lecture, MGT301 assessment, MGT301 exam, MGT301 marks"
Mgt401 Instructor,mgt401.instructor@vu.edu.pk,STAFF,mgt.hod@vu.edu.pk,"Handle queries specifically related to MGT401 (Management) only, including course content, assignments, lectures, assessments, and course-specific academic issues.","MGT401, MGT401 issue, MGT401 query, MGT401 assignment, MGT401 lecture, MGT401 assessment, MGT401 exam, MGT401 marks"
Mgt501 Instructor,mgt501.instructor@vu.edu.pk,STAFF,mgt.hod@vu.edu.pk,"Handle queries specifically related to MGT501 (Management) only, including course content, assignments, lectures, assessments, and course-specific academic issues.","MGT501, MGT501 issue, MGT501 query, MGT501 assignment, MGT501 lecture, MGT501 assessment, MGT501 exam, MGT501 marks"
Mgt601 Instructor,mgt601.instructor@vu.edu.pk,STAFF,mgt.hod@vu.edu.pk,"Handle queries specifically related to MGT601 (Management) only, including course content, assignments, lectures, assessments, and course-specific academic issues.","MGT601, MGT601 issue, MGT601 query, MGT601 assignment, MGT601 lecture, MGT601 assessment, MGT601 exam, MGT601 marks"
Mgt701 Instructor,mgt701.instructor@vu.edu.pk,STAFF,mgt.hod@vu.edu.pk,"Handle queries specifically related to MGT701 (Management) only, including course content, assignments, lectures, assessments, and course-specific academic issues.","MGT701, MGT701 issue, MGT701 query, MGT701 assignment, MGT701 lecture, MGT701 assessment, MGT701 exam, MGT701 marks"
Eco101 Instructor,eco101.instructor@vu.edu.pk,STAFF,eco.hod@vu.edu.pk,"Handle queries specifically related to ECO101 (Economics) only, including course content, assignments, lectures, assessments, and course-specific academic issues.","ECO101, ECO101 issue, ECO101 query, ECO101 assignment, ECO101 lecture, ECO101 assessment, ECO101 exam, ECO101 marks"
Eco201 Instructor,eco201.instructor@vu.edu.pk,STAFF,eco.hod@vu.edu.pk,"Handle queries specifically related to ECO201 (Economics) only, including course content, assignments, lectures, assessments, and course-specific academic issues.","ECO201, ECO201 issue, ECO201 query, ECO201 assignment, ECO201 lecture, ECO201 assessment, ECO201 exam, ECO201 marks"
Eco301 Instructor,eco301.instructor@vu.edu.pk,STAFF,eco.hod@vu.edu.pk,"Handle queries specifically related to ECO301 (Economics) only, including course content, assignments, lectures, assessments, and course-specific academic issues.","ECO301, ECO301 issue, ECO301 query, ECO301 assignment, ECO301 lecture, ECO301 assessment, ECO301 exam, ECO301 marks"
Eco401 Instructor,eco401.instructor@vu.edu.pk,STAFF,eco.hod@vu.edu.pk,"Handle queries specifically related to ECO401 (Economics) only, including course content, assignments, lectures, assessments, and course-specific academic issues.","ECO401, ECO401 issue, ECO401 query, ECO401 assignment, ECO401 lecture, ECO401 assessment, ECO401 exam, ECO401 marks"
Eco501 Instructor,eco501.instructor@vu.edu.pk,STAFF,eco.hod@vu.edu.pk,"Handle queries specifically related to ECO501 (Economics) only, including course content, assignments, lectures, assessments, and course-specific academic issues.","ECO501, ECO501 issue, ECO501 query, ECO501 assignment, ECO501 lecture, ECO501 assessment, ECO501 exam, ECO501 marks"
Eco601 Instructor,eco601.instructor@vu.edu.pk,STAFF,eco.hod@vu.edu.pk,"Handle queries specifically related to ECO601 (Economics) only, including course content, assignments, lectures, assessments, and course-specific academic issues.","ECO601, ECO601 issue, ECO601 query, ECO601 assignment, ECO601 lecture, ECO601 assessment, ECO601 exam, ECO601 marks"
Eco701 Instructor,eco701.instructor@vu.edu.pk,STAFF,eco.hod@vu.edu.pk,"Handle queries specifically related to ECO701 (Economics) only, including course content, assignments, lectures, assessments, and course-specific academic issues.","ECO701, ECO701 issue, ECO701 query, ECO701 assignment, ECO701 lecture, ECO701 assessment, ECO701 exam, ECO701 marks"
Edu101 Instructor,edu101.instructor@vu.edu.pk,STAFF,edu.hod@vu.edu.pk,"Handle queries specifically related to EDU101 (Education) only, including course content, assignments, lectures, assessments, and course-specific academic issues.","EDU101, EDU101 issue, EDU101 query, EDU101 assignment, EDU101 lecture, EDU101 assessment, EDU101 exam, EDU101 marks"
Edu201 Instructor,edu201.instructor@vu.edu.pk,STAFF,edu.hod@vu.edu.pk,"Handle queries specifically related to EDU201 (Education) only, including course content, assignments, lectures, assessments, and course-specific academic issues.","EDU201, EDU201 issue, EDU201 query, EDU201 assignment, EDU201 lecture, EDU201 assessment, EDU201 exam, EDU201 marks"
Edu301 Instructor,edu301.instructor@vu.edu.pk,STAFF,edu.hod@vu.edu.pk,"Handle queries specifically related to EDU301 (Education) only, including course content, assignments, lectures, assessments, and course-specific academic issues.","EDU301, EDU301 issue, EDU301 query, EDU301 assignment, EDU301 lecture, EDU301 assessment, EDU301 exam, EDU301 marks"
Edu401 Instructor,edu401.instructor@vu.edu.pk,STAFF,edu.hod@vu.edu.pk,"Handle queries specifically related to EDU401 (Education) only, including course content, assignments, lectures, assessments, and course-specific academic issues.","EDU401, EDU401 issue, EDU401 query, EDU401 assignment, EDU401 lecture, EDU401 assessment, EDU401 exam, EDU401 marks"
Edu501 Instructor,edu501.instructor@vu.edu.pk,STAFF,edu.hod@vu.edu.pk,"Handle queries specifically related to EDU501 (Education) only, including course content, assignments, lectures, assessments, and course-specific academic issues.","EDU501, EDU501 issue, EDU501 query, EDU501 assignment, EDU501 lecture, EDU501 assessment, EDU501 exam, EDU501 marks"
Edu601 Instructor,edu601.instructor@vu.edu.pk,STAFF,edu.hod@vu.edu.pk,"Handle queries specifically related to EDU601 (Education) only, including course content, assignments, lectures, assessments, and course-specific academic issues.","EDU601, EDU601 issue, EDU601 query, EDU601 assignment, EDU601 lecture, EDU601 assessment, EDU601 exam, EDU601 marks"
Edu701 Instructor,edu701.instructor@vu.edu.pk,STAFF,edu.hod@vu.edu.pk,"Handle queries specifically related to EDU701 (Education) only, including course content, assignments, lectures, assessments, and course-specific academic issues.","EDU701, EDU701 issue, EDU701 query, EDU701 assignment, EDU701 lecture, EDU701 assessment, EDU701 exam, EDU701 marks"
Eng101 Instructor,eng101.instructor@vu.edu.pk,STAFF,eng.hod@vu.edu.pk,"Handle queries specifically related to ENG101 (English) only, including course content, assignments, lectures, assessments, and course-specific academic issues.","ENG101, ENG101 issue, ENG101 query, ENG101 assignment, ENG101 lecture, ENG101 assessment, ENG101 exam, ENG101 marks"
Eng201 Instructor,eng201.instructor@vu.edu.pk,STAFF,eng.hod@vu.edu.pk,"Handle queries specifically related to ENG201 (English) only, including course content, assignments, lectures, assessments, and course-specific academic issues.","ENG201, ENG201 issue, ENG201 query, ENG201 assignment, ENG201 lecture, ENG201 assessment, ENG201 exam, ENG201 marks"
Eng301 Instructor,eng301.instructor@vu.edu.pk,STAFF,eng.hod@vu.edu.pk,"Handle queries specifically related to ENG301 (English) only, including course content, assignments, lectures, assessments, and course-specific academic issues.","ENG301, ENG301 issue, ENG301 query, ENG301 assignment, ENG301 lecture, ENG301 assessment, ENG301 exam, ENG301 marks"
Eng401 Instructor,eng401.instructor@vu.edu.pk,STAFF,eng.hod@vu.edu.pk,"Handle queries specifically related to ENG401 (English) only, including course content, assignments, lectures, assessments, and course-specific academic issues.","ENG401, ENG401 issue, ENG401 query, ENG401 assignment, ENG401 lecture, ENG401 assessment, ENG401 exam, ENG401 marks"
Eng501 Instructor,eng501.instructor@vu.edu.pk,STAFF,eng.hod@vu.edu.pk,"Handle queries specifically related to ENG501 (English) only, including course content, assignments, lectures, assessments, and course-specific academic issues.","ENG501, ENG501 issue, ENG501 query, ENG501 assignment, ENG501 lecture, ENG501 assessment, ENG501 exam, ENG501 marks"
Eng601 Instructor,eng601.instructor@vu.edu.pk,STAFF,eng.hod@vu.edu.pk,"Handle queries specifically related to ENG601 (English) only, including course content, assignments, lectures, assessments, and course-specific academic issues.","ENG601, ENG601 issue, ENG601 query, ENG601 assignment, ENG601 lecture, ENG601 assessment, ENG601 exam, ENG601 marks"
Eng701 Instructor,eng701.instructor@vu.edu.pk,STAFF,eng.hod@vu.edu.pk,"Handle queries specifically related to ENG701 (English) only, including course content, assignments, lectures, assessments, and course-specific academic issues.","ENG701, ENG701 issue, ENG701 query, ENG701 assignment, ENG701 lecture, ENG701 assessment, ENG701 exam, ENG701 marks"
Mcm101 Instructor,mcm101.instructor@vu.edu.pk,STAFF,masscomm.hod@vu.edu.pk,"Handle queries specifically related to MCM101 (Mass Communication) only, including course content, assignments, lectures, assessments, and course-specific academic issues.","MCM101, MCM101 issue, MCM101 query, MCM101 assignment, MCM101 lecture, MCM101 assessment, MCM101 exam, MCM101 marks"
Mcm201 Instructor,mcm201.instructor@vu.edu.pk,STAFF,masscomm.hod@vu.edu.pk,"Handle queries specifically related to MCM201 (Mass Communication) only, including course content, assignments, lectures, assessments, and course-specific academic issues.","MCM201, MCM201 issue, MCM201 query, MCM201 assignment, MCM201 lecture, MCM201 assessment, MCM201 exam, MCM201 marks"
Mcm301 Instructor,mcm301.instructor@vu.edu.pk,STAFF,masscomm.hod@vu.edu.pk,"Handle queries specifically related to MCM301 (Mass Communication) only, including course content, assignments, lectures, assessments, and course-specific academic issues.","MCM301, MCM301 issue, MCM301 query, MCM301 assignment, MCM301 lecture, MCM301 assessment, MCM301 exam, MCM301 marks"
Mcm401 Instructor,mcm401.instructor@vu.edu.pk,STAFF,masscomm.hod@vu.edu.pk,"Handle queries specifically related to MCM401 (Mass Communication) only, including course content, assignments, lectures, assessments, and course-specific academic issues.","MCM401, MCM401 issue, MCM401 query, MCM401 assignment, MCM401 lecture, MCM401 assessment, MCM401 exam, MCM401 marks"
Mcm501 Instructor,mcm501.instructor@vu.edu.pk,STAFF,masscomm.hod@vu.edu.pk,"Handle queries specifically related to MCM501 (Mass Communication) only, including course content, assignments, lectures, assessments, and course-specific academic issues.","MCM501, MCM501 issue, MCM501 query, MCM501 assignment, MCM501 lecture, MCM501 assessment, MCM501 exam, MCM501 marks"
Mcm601 Instructor,mcm601.instructor@vu.edu.pk,STAFF,masscomm.hod@vu.edu.pk,"Handle queries specifically related to MCM601 (Mass Communication) only, including course content, assignments, lectures, assessments, and course-specific academic issues.","MCM601, MCM601 issue, MCM601 query, MCM601 assignment, MCM601 lecture, MCM601 assessment, MCM601 exam, MCM601 marks"
Mcm701 Instructor,mcm701.instructor@vu.edu.pk,STAFF,masscomm.hod@vu.edu.pk,"Handle queries specifically related to MCM701 (Mass Communication) only, including course content, assignments, lectures, assessments, and course-specific academic issues.","MCM701, MCM701 issue, MCM701 query, MCM701 assignment, MCM701 lecture, MCM701 assessment, MCM701 exam, MCM701 marks"
Isl101 Instructor,isl101.instructor@vu.edu.pk,STAFF,isl.hod@vu.edu.pk,"Handle queries specifically related to ISL101 (Islamic Studies) only, including course content, assignments, lectures, assessments, and course-specific academic issues.","ISL101, ISL101 issue, ISL101 query, ISL101 assignment, ISL101 lecture, ISL101 assessment, ISL101 exam, ISL101 marks"
Isl201 Instructor,isl201.instructor@vu.edu.pk,STAFF,isl.hod@vu.edu.pk,"Handle queries specifically related to ISL201 (Islamic Studies) only, including course content, assignments, lectures, assessments, and course-specific academic issues.","ISL201, ISL201 issue, ISL201 query, ISL201 assignment, ISL201 lecture, ISL201 assessment, ISL201 exam, ISL201 marks"
Isl301 Instructor,isl301.instructor@vu.edu.pk,STAFF,isl.hod@vu.edu.pk,"Handle queries specifically related to ISL301 (Islamic Studies) only, including course content, assignments, lectures, assessments, and course-specific academic issues.","ISL301, ISL301 issue, ISL301 query, ISL301 assignment, ISL301 lecture, ISL301 assessment, ISL301 exam, ISL301 marks"
Isl401 Instructor,isl401.instructor@vu.edu.pk,STAFF,isl.hod@vu.edu.pk,"Handle queries specifically related to ISL401 (Islamic Studies) only, including course content, assignments, lectures, assessments, and course-specific academic issues.","ISL401, ISL401 issue, ISL401 query, ISL401 assignment, ISL401 lecture, ISL401 assessment, ISL401 exam, ISL401 marks"
Isl501 Instructor,isl501.instructor@vu.edu.pk,STAFF,isl.hod@vu.edu.pk,"Handle queries specifically related to ISL501 (Islamic Studies) only, including course content, assignments, lectures, assessments, and course-specific academic issues.","ISL501, ISL501 issue, ISL501 query, ISL501 assignment, ISL501 lecture, ISL501 assessment, ISL501 exam, ISL501 marks"
Isl601 Instructor,isl601.instructor@vu.edu.pk,STAFF,isl.hod@vu.edu.pk,"Handle queries specifically related to ISL601 (Islamic Studies) only, including course content, assignments, lectures, assessments, and course-specific academic issues.","ISL601, ISL601 issue, ISL601 query, ISL601 assignment, ISL601 lecture, ISL601 assessment, ISL601 exam, ISL601 marks"
Isl701 Instructor,isl701.instructor@vu.edu.pk,STAFF,isl.hod@vu.edu.pk,"Handle queries specifically related to ISL701 (Islamic Studies) only, including course content, assignments, lectures, assessments, and course-specific academic issues.","ISL701, ISL701 issue, ISL701 query, ISL701 assignment, ISL701 lecture, ISL701 assessment, ISL701 exam, ISL701 marks"
Mth101 Instructor,mth101.instructor@vu.edu.pk,STAFF,mth.hod@vu.edu.pk,"Handle queries specifically related to MTH101 (Mathematics) only, including course content, assignments, lectures, assessments, and course-specific academic issues.","MTH101, MTH101 issue, MTH101 query, MTH101 assignment, MTH101 lecture, MTH101 assessment, MTH101 exam, MTH101 marks"
Mth201 Instructor,mth201.instructor@vu.edu.pk,STAFF,mth.hod@vu.edu.pk,"Handle queries specifically related to MTH201 (Mathematics) only, including course content, assignments, lectures, assessments, and course-specific academic issues.","MTH201, MTH201 issue, MTH201 query, MTH201 assignment, MTH201 lecture, MTH201 assessment, MTH201 exam, MTH201 marks"
Mth301 Instructor,mth301.instructor@vu.edu.pk,STAFF,mth.hod@vu.edu.pk,"Handle queries specifically related to MTH301 (Mathematics) only, including course content, assignments, lectures, assessments, and course-specific academic issues.","MTH301, MTH301 issue, MTH301 query, MTH301 assignment, MTH301 lecture, MTH301 assessment, MTH301 exam, MTH301 marks"
Mth401 Instructor,mth401.instructor@vu.edu.pk,STAFF,mth.hod@vu.edu.pk,"Handle queries specifically related to MTH401 (Mathematics) only, including course content, assignments, lectures, assessments, and course-specific academic issues.","MTH401, MTH401 issue, MTH401 query, MTH401 assignment, MTH401 lecture, MTH401 assessment, MTH401 exam, MTH401 marks"
Mth501 Instructor,mth501.instructor@vu.edu.pk,STAFF,mth.hod@vu.edu.pk,"Handle queries specifically related to MTH501 (Mathematics) only, including course content, assignments, lectures, assessments, and course-specific academic issues.","MTH501, MTH501 issue, MTH501 query, MTH501 assignment, MTH501 lecture, MTH501 assessment, MTH501 exam, MTH501 marks"
Mth601 Instructor,mth601.instructor@vu.edu.pk,STAFF,mth.hod@vu.edu.pk,"Handle queries specifically related to MTH601 (Mathematics) only, including course content, assignments, lectures, assessments, and course-specific academic issues.","MTH601, MTH601 issue, MTH601 query, MTH601 assignment, MTH601 lecture, MTH601 assessment, MTH601 exam, MTH601 marks"
Mth701 Instructor,mth701.instructor@vu.edu.pk,STAFF,mth.hod@vu.edu.pk,"Handle queries specifically related to MTH701 (Mathematics) only, including course content, assignments, lectures, assessments, and course-specific academic issues.","MTH701, MTH701 issue, MTH701 query, MTH701 assignment, MTH701 lecture, MTH701 assessment, MTH701 exam, MTH701 marks"
Pak101 Instructor,pak101.instructor@vu.edu.pk,STAFF,pak.hod@vu.edu.pk,"Handle queries specifically related to PAK101 (Pakistan Studies) only, including course content, assignments, lectures, assessments, and course-specific academic issues.","PAK101, PAK101 issue, PAK101 query, PAK101 assignment, PAK101 lecture, PAK101 assessment, PAK101 exam, PAK101 marks"
Pak201 Instructor,pak201.instructor@vu.edu.pk,STAFF,pak.hod@vu.edu.pk,"Handle queries specifically related to PAK201 (Pakistan Studies) only, including course content, assignments, lectures, assessments, and course-specific academic issues.","PAK201, PAK201 issue, PAK201 query, PAK201 assignment, PAK201 lecture, PAK201 assessment, PAK201 exam, PAK201 marks"
Pak301 Instructor,pak301.instructor@vu.edu.pk,STAFF,pak.hod@vu.edu.pk,"Handle queries specifically related to PAK301 (Pakistan Studies) only, including course content, assignments, lectures, assessments, and course-specific academic issues.","PAK301, PAK301 issue, PAK301 query, PAK301 assignment, PAK301 lecture, PAK301 assessment, PAK301 exam, PAK301 marks"
Pak401 Instructor,pak401.instructor@vu.edu.pk,STAFF,pak.hod@vu.edu.pk,"Handle queries specifically related to PAK401 (Pakistan Studies) only, including course content, assignments, lectures, assessments, and course-specific academic issues.","PAK401, PAK401 issue, PAK401 query, PAK401 assignment, PAK401 lecture, PAK401 assessment, PAK401 exam, PAK401 marks"
Pak501 Instructor,pak501.instructor@vu.edu.pk,STAFF,pak.hod@vu.edu.pk,"Handle queries specifically related to PAK501 (Pakistan Studies) only, including course content, assignments, lectures, assessments, and course-specific academic issues.","PAK501, PAK501 issue, PAK501 query, PAK501 assignment, PAK501 lecture, PAK501 assessment, PAK501 exam, PAK501 marks"
Pak601 Instructor,pak601.instructor@vu.edu.pk,STAFF,pak.hod@vu.edu.pk,"Handle queries specifically related to PAK601 (Pakistan Studies) only, including course content, assignments, lectures, assessments, and course-specific academic issues.","PAK601, PAK601 issue, PAK601 query, PAK601 assignment, PAK601 lecture, PAK601 assessment, PAK601 exam, PAK601 marks"
Pak701 Instructor,pak701.instructor@vu.edu.pk,STAFF,pak.hod@vu.edu.pk,"Handle queries specifically related to PAK701 (Pakistan Studies) only, including course content, assignments, lectures, assessments, and course-specific academic issues.","PAK701, PAK701 issue, PAK701 query, PAK701 assignment, PAK701 lecture, PAK701 assessment, PAK701 exam, PAK701 marks"
Phy101 Instructor,phy101.instructor@vu.edu.pk,STAFF,phy.hod@vu.edu.pk,"Handle queries specifically related to PHY101 (Physics) only, including course content, assignments, lectures, assessments, and course-specific academic issues.","PHY101, PHY101 issue, PHY101 query, PHY101 assignment, PHY101 lecture, PHY101 assessment, PHY101 exam, PHY101 marks"
Phy201 Instructor,phy201.instructor@vu.edu.pk,STAFF,phy.hod@vu.edu.pk,"Handle queries specifically related to PHY201 (Physics) only, including course content, assignments, lectures, assessments, and course-specific academic issues.","PHY201, PHY201 issue, PHY201 query, PHY201 assignment, PHY201 lecture, PHY201 assessment, PHY201 exam, PHY201 marks"
Phy301 Instructor,phy301.instructor@vu.edu.pk,STAFF,phy.hod@vu.edu.pk,"Handle queries specifically related to PHY301 (Physics) only, including course content, assignments, lectures, assessments, and course-specific academic issues.","PHY301, PHY301 issue, PHY301 query, PHY301 assignment, PHY301 lecture, PHY301 assessment, PHY301 exam, PHY301 marks"
Phy401 Instructor,phy401.instructor@vu.edu.pk,STAFF,phy.hod@vu.edu.pk,"Handle queries specifically related to PHY401 (Physics) only, including course content, assignments, lectures, assessments, and course-specific academic issues.","PHY401, PHY401 issue, PHY401 query, PHY401 assignment, PHY401 lecture, PHY401 assessment, PHY401 exam, PHY401 marks"
Phy501 Instructor,phy501.instructor@vu.edu.pk,STAFF,phy.hod@vu.edu.pk,"Handle queries specifically related to PHY501 (Physics) only, including course content, assignments, lectures, assessments, and course-specific academic issues.","PHY501, PHY501 issue, PHY501 query, PHY501 assignment, PHY501 lecture, PHY501 assessment, PHY501 exam, PHY501 marks"
Phy601 Instructor,phy601.instructor@vu.edu.pk,STAFF,phy.hod@vu.edu.pk,"Handle queries specifically related to PHY601 (Physics) only, including course content, assignments, lectures, assessments, and course-specific academic issues.","PHY601, PHY601 issue, PHY601 query, PHY601 assignment, PHY601 lecture, PHY601 assessment, PHY601 exam, PHY601 marks"
Phy701 Instructor,phy701.instructor@vu.edu.pk,STAFF,phy.hod@vu.edu.pk,"Handle queries specifically related to PHY701 (Physics) only, including course content, assignments, lectures, assessments, and course-specific academic issues.","PHY701, PHY701 issue, PHY701 query, PHY701 assignment, PHY701 lecture, PHY701 assessment, PHY701 exam, PHY701 marks"
Psy101 Instructor,psy101.instructor@vu.edu.pk,STAFF,psy.hod@vu.edu.pk,"Handle queries specifically related to PSY101 (Psychology) only, including course content, assignments, lectures, assessments, and course-specific academic issues.","PSY101, PSY101 issue, PSY101 query, PSY101 assignment, PSY101 lecture, PSY101 assessment, PSY101 exam, PSY101 marks"
Psy201 Instructor,psy201.instructor@vu.edu.pk,STAFF,psy.hod@vu.edu.pk,"Handle queries specifically related to PSY201 (Psychology) only, including course content, assignments, lectures, assessments, and course-specific academic issues.","PSY201, PSY201 issue, PSY201 query, PSY201 assignment, PSY201 lecture, PSY201 assessment, PSY201 exam, PSY201 marks"
Psy301 Instructor,psy301.instructor@vu.edu.pk,STAFF,psy.hod@vu.edu.pk,"Handle queries specifically related to PSY301 (Psychology) only, including course content, assignments, lectures, assessments, and course-specific academic issues.","PSY301, PSY301 issue, PSY301 query, PSY301 assignment, PSY301 lecture, PSY301 assessment, PSY301 exam, PSY301 marks"
Psy401 Instructor,psy401.instructor@vu.edu.pk,STAFF,psy.hod@vu.edu.pk,"Handle queries specifically related to PSY401 (Psychology) only, including course content, assignments, lectures, assessments, and course-specific academic issues.","PSY401, PSY401 issue, PSY401 query, PSY401 assignment, PSY401 lecture, PSY401 assessment, PSY401 exam, PSY401 marks"
Psy501 Instructor,psy501.instructor@vu.edu.pk,STAFF,psy.hod@vu.edu.pk,"Handle queries specifically related to PSY501 (Psychology) only, including course content, assignments, lectures, assessments, and course-specific academic issues.","PSY501, PSY501 issue, PSY501 query, PSY501 assignment, PSY501 lecture, PSY501 assessment, PSY501 exam, PSY501 marks"
Psy601 Instructor,psy601.instructor@vu.edu.pk,STAFF,psy.hod@vu.edu.pk,"Handle queries specifically related to PSY601 (Psychology) only, including course content, assignments, lectures, assessments, and course-specific academic issues.","PSY601, PSY601 issue, PSY601 query, PSY601 assignment, PSY601 lecture, PSY601 assessment, PSY601 exam, PSY601 marks"
Psy701 Instructor,psy701.instructor@vu.edu.pk,STAFF,psy.hod@vu.edu.pk,"Handle queries specifically related to PSY701 (Psychology) only, including course content, assignments, lectures, assessments, and course-specific academic issues.","PSY701, PSY701 issue, PSY701 query, PSY701 assignment, PSY701 lecture, PSY701 assessment, PSY701 exam, PSY701 marks"
Pad101 Instructor,pad101.instructor@vu.edu.pk,STAFF,pa.hod@vu.edu.pk,"Handle queries specifically related to PAD101 (Public Administration) only, including course content, assignments, lectures, assessments, and course-specific academic issues.","PAD101, PAD101 issue, PAD101 query, PAD101 assignment, PAD101 lecture, PAD101 assessment, PAD101 exam, PAD101 marks"
Pad201 Instructor,pad201.instructor@vu.edu.pk,STAFF,pa.hod@vu.edu.pk,"Handle queries specifically related to PAD201 (Public Administration) only, including course content, assignments, lectures, assessments, and course-specific academic issues.","PAD201, PAD201 issue, PAD201 query, PAD201 assignment, PAD201 lecture, PAD201 assessment, PAD201 exam, PAD201 marks"
Pad301 Instructor,pad301.instructor@vu.edu.pk,STAFF,pa.hod@vu.edu.pk,"Handle queries specifically related to PAD301 (Public Administration) only, including course content, assignments, lectures, assessments, and course-specific academic issues.","PAD301, PAD301 issue, PAD301 query, PAD301 assignment, PAD301 lecture, PAD301 assessment, PAD301 exam, PAD301 marks"
Pad401 Instructor,pad401.instructor@vu.edu.pk,STAFF,pa.hod@vu.edu.pk,"Handle queries specifically related to PAD401 (Public Administration) only, including course content, assignments, lectures, assessments, and course-specific academic issues.","PAD401, PAD401 issue, PAD401 query, PAD401 assignment, PAD401 lecture, PAD401 assessment, PAD401 exam, PAD401 marks"
Pad501 Instructor,pad501.instructor@vu.edu.pk,STAFF,pa.hod@vu.edu.pk,"Handle queries specifically related to PAD501 (Public Administration) only, including course content, assignments, lectures, assessments, and course-specific academic issues.","PAD501, PAD501 issue, PAD501 query, PAD501 assignment, PAD501 lecture, PAD501 assessment, PAD501 exam, PAD501 marks"
Pad601 Instructor,pad601.instructor@vu.edu.pk,STAFF,pa.hod@vu.edu.pk,"Handle queries specifically related to PAD601 (Public Administration) only, including course content, assignments, lectures, assessments, and course-specific academic issues.","PAD601, PAD601 issue, PAD601 query, PAD601 assignment, PAD601 lecture, PAD601 assessment, PAD601 exam, PAD601 marks"
Pad701 Instructor,pad701.instructor@vu.edu.pk,STAFF,pa.hod@vu.edu.pk,"Handle queries specifically related to PAD701 (Public Administration) only, including course content, assignments, lectures, assessments, and course-specific academic issues.","PAD701, PAD701 issue, PAD701 query, PAD701 assignment, PAD701 lecture, PAD701 assessment, PAD701 exam, PAD701 marks"
Soc101 Instructor,soc101.instructor@vu.edu.pk,STAFF,soc.hod@vu.edu.pk,"Handle queries specifically related to SOC101 (Sociology) only, including course content, assignments, lectures, assessments, and course-specific academic issues.","SOC101, SOC101 issue, SOC101 query, SOC101 assignment, SOC101 lecture, SOC101 assessment, SOC101 exam, SOC101 marks"
Soc201 Instructor,soc201.instructor@vu.edu.pk,STAFF,soc.hod@vu.edu.pk,"Handle queries specifically related to SOC201 (Sociology) only, including course content, assignments, lectures, assessments, and course-specific academic issues.","SOC201, SOC201 issue, SOC201 query, SOC201 assignment, SOC201 lecture, SOC201 assessment, SOC201 exam, SOC201 marks"
Soc301 Instructor,soc301.instructor@vu.edu.pk,STAFF,soc.hod@vu.edu.pk,"Handle queries specifically related to SOC301 (Sociology) only, including course content, assignments, lectures, assessments, and course-specific academic issues.","SOC301, SOC301 issue, SOC301 query, SOC301 assignment, SOC301 lecture, SOC301 assessment, SOC301 exam, SOC301 marks"
Soc401 Instructor,soc401.instructor@vu.edu.pk,STAFF,soc.hod@vu.edu.pk,"Handle queries specifically related to SOC401 (Sociology) only, including course content, assignments, lectures, assessments, and course-specific academic issues.","SOC401, SOC401 issue, SOC401 query, SOC401 assignment, SOC401 lecture, SOC401 assessment, SOC401 exam, SOC401 marks"
Soc501 Instructor,soc501.instructor@vu.edu.pk,STAFF,soc.hod@vu.edu.pk,"Handle queries specifically related to SOC501 (Sociology) only, including course content, assignments, lectures, assessments, and course-specific academic issues.","SOC501, SOC501 issue, SOC501 query, SOC501 assignment, SOC501 lecture, SOC501 assessment, SOC501 exam, SOC501 marks"
Soc601 Instructor,soc601.instructor@vu.edu.pk,STAFF,soc.hod@vu.edu.pk,"Handle queries specifically related to SOC601 (Sociology) only, including course content, assignments, lectures, assessments, and course-specific academic issues.","SOC601, SOC601 issue, SOC601 query, SOC601 assignment, SOC601 lecture, SOC601 assessment, SOC601 exam, SOC601 marks"
Soc701 Instructor,soc701.instructor@vu.edu.pk,STAFF,soc.hod@vu.edu.pk,"Handle queries specifically related to SOC701 (Sociology) only, including course content, assignments, lectures, assessments, and course-specific academic issues.","SOC701, SOC701 issue, SOC701 query, SOC701 assignment, SOC701 lecture, SOC701 assessment, SOC701 exam, SOC701 marks"
Sta101 Instructor,sta101.instructor@vu.edu.pk,STAFF,sta.hod@vu.edu.pk,"Handle queries specifically related to STA101 (Statistics) only, including course content, assignments, lectures, assessments, and course-specific academic issues.","STA101, STA101 issue, STA101 query, STA101 assignment, STA101 lecture, STA101 assessment, STA101 exam, STA101 marks"
Sta201 Instructor,sta201.instructor@vu.edu.pk,STAFF,sta.hod@vu.edu.pk,"Handle queries specifically related to STA201 (Statistics) only, including course content, assignments, lectures, assessments, and course-specific academic issues.","STA201, STA201 issue, STA201 query, STA201 assignment, STA201 lecture, STA201 assessment, STA201 exam, STA201 marks"
Sta301 Instructor,sta301.instructor@vu.edu.pk,STAFF,sta.hod@vu.edu.pk,"Handle queries specifically related to STA301 (Statistics) only, including course content, assignments, lectures, assessments, and course-specific academic issues.","STA301, STA301 issue, STA301 query, STA301 assignment, STA301 lecture, STA301 assessment, STA301 exam, STA301 marks"
Sta401 Instructor,sta401.instructor@vu.edu.pk,STAFF,sta.hod@vu.edu.pk,"Handle queries specifically related to STA401 (Statistics) only, including course content, assignments, lectures, assessments, and course-specific academic issues.","STA401, STA401 issue, STA401 query, STA401 assignment, STA401 lecture, STA401 assessment, STA401 exam, STA401 marks"
Sta501 Instructor,sta501.instructor@vu.edu.pk,STAFF,sta.hod@vu.edu.pk,"Handle queries specifically related to STA501 (Statistics) only, including course content, assignments, lectures, assessments, and course-specific academic issues.","STA501, STA501 issue, STA501 query, STA501 assignment, STA501 lecture, STA501 assessment, STA501 exam, STA501 marks"
Sta601 Instructor,sta601.instructor@vu.edu.pk,STAFF,sta.hod@vu.edu.pk,"Handle queries specifically related to STA601 (Statistics) only, including course content, assignments, lectures, assessments, and course-specific academic issues.","STA601, STA601 issue, STA601 query, STA601 assignment, STA601 lecture, STA601 assessment, STA601 exam, STA601 marks"
Sta701 Instructor,sta701.instructor@vu.edu.pk,STAFF,sta.hod@vu.edu.pk,"Handle queries specifically related to STA701 (Statistics) only, including course content, assignments, lectures, assessments, and course-specific academic issues.","STA701, STA701 issue, STA701 query, STA701 assignment, STA701 lecture, STA701 assessment, STA701 exam, STA701 marks"
Urd101 Instructor,urd101.instructor@vu.edu.pk,STAFF,urd.hod@vu.edu.pk,"Handle queries specifically related to URD101 (Urdu) only, including course content, assignments, lectures, assessments, and course-specific academic issues.","URD101, URD101 issue, URD101 query, URD101 assignment, URD101 lecture, URD101 assessment, URD101 exam, URD101 marks"
Urd201 Instructor,urd201.instructor@vu.edu.pk,STAFF,urd.hod@vu.edu.pk,"Handle queries specifically related to URD201 (Urdu) only, including course content, assignments, lectures, assessments, and course-specific academic issues.","URD201, URD201 issue, URD201 query, URD201 assignment, URD201 lecture, URD201 assessment, URD201 exam, URD201 marks"
Urd301 Instructor,urd301.instructor@vu.edu.pk,STAFF,urd.hod@vu.edu.pk,"Handle queries specifically related to URD301 (Urdu) only, including course content, assignments, lectures, assessments, and course-specific academic issues.","URD301, URD301 issue, URD301 query, URD301 assignment, URD301 lecture, URD301 assessment, URD301 exam, URD301 marks"
Urd401 Instructor,urd401.instructor@vu.edu.pk,STAFF,urd.hod@vu.edu.pk,"Handle queries specifically related to URD401 (Urdu) only, including course content, assignments, lectures, assessments, and course-specific academic issues.","URD401, URD401 issue, URD401 query, URD401 assignment, URD401 lecture, URD401 assessment, URD401 exam, URD401 marks"
Urd501 Instructor,urd501.instructor@vu.edu.pk,STAFF,urd.hod@vu.edu.pk,"Handle queries specifically related to URD501 (Urdu) only, including course content, assignments, lectures, assessments, and course-specific academic issues.","URD501, URD501 issue, URD501 query, URD501 assignment, URD501 lecture, URD501 assessment, URD501 exam, URD501 marks"
Urd601 Instructor,urd601.instructor@vu.edu.pk,STAFF,urd.hod@vu.edu.pk,"Handle queries specifically related to URD601 (Urdu) only, including course content, assignments, lectures, assessments, and course-specific academic issues.","URD601, URD601 issue, URD601 query, URD601 assignment, URD601 lecture, URD601 assessment, URD601 exam, URD601 marks"
Urd701 Instructor,urd701.instructor@vu.edu.pk,STAFF,urd.hod@vu.edu.pk,"Handle queries specifically related to URD701 (Urdu) only, including course content, assignments, lectures, assessments, and course-specific academic issues.","URD701, URD701 issue, URD701 query, URD701 assignment, URD701 lecture, URD701 assessment, URD701 exam, URD701 marks"
Course Registration,course.registration@vu.edu.pk,STAFF,academic.hod@vu.edu.pk,"Course registration, add/drop, enrollment and registration status.","course registration, add course, drop course, registration error, enrollment"
Course Selection,course.selection@vu.edu.pk,STAFF,academic.hod@vu.edu.pk,"Course selection, electives and semester subject choices.","course selection, elective, subject selection, semester courses"
Academic Records,academic.records@vu.edu.pk,STAFF,academic.hod@vu.edu.pk,Academic records and student academic information.,"academic record, marks record, academic history, record correction"
Admission Application,admission.application@vu.edu.pk,STAFF,admissions.hod@vu.edu.pk,Admission applications and application status.,"admission application, application form, apply admission, application status"
Admission Verification,admission.verification@vu.edu.pk,STAFF,admissions.hod@vu.edu.pk,Admission document verification and verification status.,"document verification, admission verification, verify documents"
Admission Support,admission.support@vu.edu.pk,STAFF,admissions.hod@vu.edu.pk,General admission support and admission-related issues.,"admission help, admission issue, eligibility, admission support"
Fee Matters,fee.matters@vu.edu.pk,STAFF,finance.hod@vu.edu.pk,"Fee invoices, payments, dues and fee account issues.","fee, tuition fee, fee payment, dues, invoice, voucher, payment issue"
Scholarships Matters,scholarships.matters@vu.edu.pk,STAFF,finance.hod@vu.edu.pk,"Scholarship applications, eligibility and status.","scholarship, financial aid, scholarship application, eligibility, status"
Refund Matters,refund.matters@vu.edu.pk,STAFF,finance.hod@vu.edu.pk,"Fee refunds, refund eligibility and status.","refund, fee refund, refund request, refund status"
Datesheet Matters,datesheet.matters@vu.edu.pk,STAFF,examinations.hod@vu.edu.pk,"Examination datesheet, schedule and timings.","datesheet, date sheet, exam schedule, examination date, exam timing"
Result Matters,result.matters@vu.edu.pk,STAFF,examinations.hod@vu.edu.pk,"Results, missing results, grades and result corrections.","result, marks, missing result, grade, result correction"
Transcript Matters,transcript.matters@vu.edu.pk,STAFF,examinations.hod@vu.edu.pk,"Transcript requests, processing and status.","transcript, official transcript, transcript request, transcript status"
Login Support,login.support@vu.edu.pk,STAFF,technical.hod@vu.edu.pk,Portal login failures and account access problems.,"login, cannot login, unable to login, account access, sign in, login error"
Password Reset,password.reset@vu.edu.pk,STAFF,technical.hod@vu.edu.pk,"Forgotten passwords, password reset and credential recovery.","password, forgot password, reset password, password recovery, locked account"
LMS Support,lms.support@vu.edu.pk,STAFF,technical.hod@vu.edu.pk,"LMS access, course visibility and LMS errors.","LMS, LMS login, LMS access, course not showing, LMS error"
General Administration,general.administration@vu.edu.pk,STAFF,administration.hod@vu.edu.pk,General administrative requests and university administration.,"administration, administrative issue, office request, administrative support"
HR Matters,hr.matters@vu.edu.pk,STAFF,administration.hod@vu.edu.pk,"HR matters, employment records and staff requests.","HR, human resources, employee record, staff issue, leave, employment"
Campus Administration,campus.administration@vu.edu.pk,STAFF,administration.hod@vu.edu.pk,"Campus facilities, administration and operational matters.","campus, campus issue, facility, campus administration, operational issue"
Student Records,student.records@vu.edu.pk,STAFF,registrar.hod@vu.edu.pk,"Student records, enrollment records and official student information.","student record, enrollment record, student information, record request"
Degree Verification,degree.verification@vu.edu.pk,STAFF,registrar.hod@vu.edu.pk,Degree verification requests and verification status.,"degree verification, verify degree, degree check, verification letter"
Official Documents,official.documents@vu.edu.pk,STAFF,registrar.hod@vu.edu.pk,Requests for official academic or university documents.,"official document, document request, certificate, official papers, document issuance"